pin,fitter_name,function
1,PWR_RST_n,GCLR (dedicated input)
2,,CLK_DRAMC on GCLK2 (for a future CPU-clock-synchronous FSM; unused in Rev A logic)
3,VCC,
4,MA10,
5,MA11,
6,RAS0_n,
7,GND,
8,RAS1_n,
9,RAS2_n,
10,RAS3_n,
11,CAS0_n,
12,DSACK0_n,
13,VCC,
14,TDI,
15,DSACK1_n,
16,,reserved STERM_n (solder jumper JP801 open)
17,,reserved CBREQ_n (solder jumper JP802 open)
18,,reserved CBACK_n (solder jumper JP803 open)
19,GND,
20,MA0,
21,MA1,
22,MA2,
23,TMS,
24,MA3,
25,MA4,
26,VCC,
27,MA5,
28,MA6,
29,MA7,
30,MA8,
31,MA9,
32,GND,
33,A10,
34,A9,
35,A8,
36,A7,
37,A6,
38,VCC,
39,A5,
40,A4,
41,A3,
42,GND,
43,VCC,
44,A2,
45,A1,
46,A0,
47,GND,
48,SIZ1,
49,SIZ0,
50,,reserved DS_n (solder jumper JP804 open)
51,R_W,
52,DRAM_SEL_n,
53,VCC,
54,A26,
55,A25,
56,A24,
57,A23,
58,A22,
59,GND,
60,A21,
61,A20,
62,TCK,
63,A19,
64,A18,
65,A17,
66,VCC,
67,A16,
68,A15,
69,A14,
70,A13,
71,TDO,
72,GND,
73,A12,
74,A11,
75,CAS1_n,
76,CAS2_n,
77,CAS3_n,
78,VCC,
79,WE_n,
80,MUX_SEL,
81,,spare I/O/GCLK3 (test point TP809)
82,GND,
83,DRAM_CLK,GCLK1 (dedicated input)
84,AS_n,OE1 (dedicated input)
